id,name,order,tier,description,author,combat officer,admiral,admin,tags,icon,Column
# COMBAT,,,,,,,,,,,
Meng_skill,逆流之风,99,5,我在没有蓝天的地方，看到了风。,某个看到过她战斗的吟游诗人,TRUE,,,"npc_only, player_only",graphics/skills/Meng_skill.png,
Meng_skill1,迟到的未来,99,5,她向着没有星光的夜晚伸出手，那埋藏在历史的过去却无法挽留。,一段回忆,TRUE,,,"npc_only, player_only",graphics/skills/Meng_skill1.png,
Cai_skills,“星璇”战术阵列,99,5,快，抬头看，这是你为我构筑起的星空。,萌萌,TRUE,,,"npc_only, player_only",graphics/skills/Meng_caiskill1.png,
Cai_skill,？,99,5,,,TRUE,,,"npc_only, player_only",graphics/skills/Meng_caiskill1.png,
,,,,,,,,,,,
,,,,,,,,,,,
,,,,,,,,,,,
,,,,,,,,,,,
,,,,,,,,,,,
,,,,,,,,,,,
,,,,,,,,,,,
# LEADERSHIP,,,,,,,,,,,
,,,,,,,,,,,
,,,,,,,,,,,
,,,,,,,,,,,
,,,,,,,,,,,
,,,,,,,,,,,
,,,,,,,,,,,
,,,,,,,,,,,
,,,,,,,,,,,
,,,,,,,,,,,
,,,,,,,,,,,
,,,,,,,,,,,
# TECHNOLOGY,,,,,,,,,,,
,,,,,,,,,,,
,,,,,,,,,,,
,,,,,,,,,,,
,,,,,,,,,,,
,,,,,,,,,,,
,,,,,,,,,,,
,,,,,,,,,,,
,,,,,,,,,,,
,,,,,,,,,,,
,,,,,,,,,,,
,,,,,,,,,,,
# INDUSTRY,,,,,,,,,,,
Meng_industry,镜像世界,199,5,这是量子并行计算的巅峰，萌萌利用古早智慧的遗骸将其运用到殖民地的管理之中，利用虚拟出的星球监管与预测一切。,殖民地监测报告,,,TRUE,"npc_only, player_only",graphics/skills/Meng_industry.png,
,,,,,,,,,,,
,,,,,,,,,,,
,,,,,,,,,,,
,,,,,,,,,,,
,,,,,,,,,,,
,,,,,,,,,,,
,,,,,,,,,,,
,,,,,,,,,,,
,,,,,,,,,,,
,,,,,,,,,,,
,,,,,,,,,,,
# Misc non-player,,,,,,,,,,,
,,,,,,,,,,,
,,,,,,,,,,,
,,,,,,,,,,,
,,,,,,,,,,,
,,,,,,,,,,,
,,,,,,,,,,,
,,,,,,,,,,,
,,,,,,,,,,,
,,,,,,,,,,,
,,,,,,,,,,,
,,,,,,,,,,,
,,,,,,,,,,,
,,,,,,,,,,,
,,,,,,,,,,,
,,,,,,,,,,,
,,,,,,,,,,,
,,,,,,,,,,,
,,,,,,,,,,,
,,,,,,,,,,,
,,,,,,,,,,,
,,,,,,,,,,,
,,,,,,,,,,,
,,,,,,,,,,,
,,,,,,,,,,,
,,,,,,,,,,,
,,,,,,,,,,,
,,,,,,,,,,,
,,,,,,,,,,,
,,,,,,,,,,,
,,,,,,,,,,,
,,,,,,,,,,,
,,,,,,,,,,,
,,,,,,,,,,,
,,,,,,,,,,,
,,,,,,,,,,,
,,,,,,,,,,,
,,,,,,,,,,,
,,,,,,,,,,,
,,,,,,,,,,,
,,,,,,,,,,,
,,,,,,,,,,,
,,,,,,,,,,,
,,,,,,,,,,,
,,,,,,,,,,,
,,,,,,,,,,,
,,,,,,,,,,,
,,,,,,,,,,,
,,,,,,,,,,,
,,,,,,,,,,,
,,,,,,,,,,,
,,,,,,,,,,,
,,,,,,,,,,,
,,,,,,,,,,,
,,,,,,,,,,,
,,,,,,,,,,,
,,,,,,,,,,,
,,,,,,,,,,,
,,,,,,,,,,,